point_id,local_x,local_y,local_z,global_x,global_y,global_z
0,14.1025228500366,-0.00005531311035,-1.75019299983978,14.1025228500366,0.09994468837976,-1.75019299983978
1,14.0253248214722,-0.00005408423021,-1.75018072128296,14.0253248214722,0.09994591772556,-1.75018072128296
2,13.931489944458,-0.00005262409104,-1.75015139579773,13.931489944458,0.09994737803936,-1.75015139579773
3,13.8031969070435,-0.00005066767335,-1.75009441375732,13.8031969070435,0.09994933009148,-1.75009441375732
4,13.6422204971313,-0.00004826561781,-1.75000035762787,13.6422204971313,0.09995173662901,-1.75000035762787
5,13.4503345489502,-0.00004546856508,-1.74986016750336,13.4503345489502,0.09995453059673,-1.74986016750336
6,13.343355178833,-0.00004393773997,-1.74976992607117,13.343355178833,0.09995606541634,-1.74976992607117
7,13.2293148040771,-0.00004232715582,-1.74966442584991,13.2293148040771,0.09995767474174,-1.74966442584991
8,13.1084337234497,-0.00004064314271,-1.74954295158386,13.1084337234497,0.09995935857296,-1.74954295158386
9,12.980936050415,-0.00003889203072,-1.74940407276154,12.980936050415,0.0999611094594,-1.74940407276154
10,12.8470411300659,-0.00003708014992,-1.74924671649933,12.8470411300659,0.09996291995049,-1.74924671649933
11,12.7069711685181,-0.00003521383042,-1.74906980991364,12.7069711685181,0.09996479004622,-1.74906980991364
12,12.5609502792358,-0.00003329940228,-1.74887216091156,12.5609502792358,0.09996670484543,-1.74887216091156
13,12.409197807312,-0.00003134319559,-1.74865233898163,12.409197807312,0.09996865689754,-1.74865233898163
14,12.2519378662109,-0.00002935154043,-1.74840939044952,12.2519378662109,0.09997065365314,-1.74840939044952
15,12.0893878936768,-0.0000273307669,-1.74814212322235,12.0893878936768,0.09997267276049,-1.74814212322235
16,11.9217758178711,-0.00002528720506,-1.74784982204437,11.9217758178711,0.09997471421957,-1.74784982204437
17,11.7493181228638,-0.00002322718501,-1.74753081798553,11.7493181228638,0.0999767780304,-1.74753081798553
18,11.5722398757935,-0.00002115703683,-1.74718391895294,11.5722398757935,0.09997884184122,-1.74718391895294
19,11.3907632827759,-0.00001908309059,-1.74680829048157,11.3907632827759,0.09998092055321,-1.74680829048157
20,11.2051067352295,-0.00001701167639,-1.74640250205994,11.2051067352295,0.09998299181461,-1.74640250205994
21,11.015495300293,-0.00001494912431,-1.74596548080444,11.015495300293,0.09998505562544,-1.74596548080444
22,10.8221492767334,-0.00001290176442,-1.74549627304077,10.8221492767334,0.09998709708452,-1.74549627304077
23,10.6252918243408,-0.00001087592682,-1.74499344825745,10.6252918243408,0.09998912364244,-1.74499344825745
24,10.52561378479,-0.00000987305975,-1.74472904205322,10.52561378479,0.09999012947083,-1.74472904205322
25,10.425142288208,-0.00000887794158,-1.74445593357086,10.425142288208,0.09999112039804,-1.74445593357086
26,10.3239030838013,-0.00000789136902,-1.74417388439178,10.3239030838013,0.09999211132526,-1.74417388439178
27,10.2219257354736,-0.00000691413879,-1.74388265609741,10.2219257354736,0.09999308735132,-1.74388265609741
28,10.1192350387573,-0.0000059470367,-1.74358236789703,10.1192350387573,0.0999940559268,-1.74358236789703
29,10.0158615112305,-0.00000499084854,-1.7432724237442,10.0158615112305,0.09999500960112,-1.7432724237442
30,9.91182994842529,-0.00000404637103,-1.7429530620575,9.91182994842529,0.09999595582485,-1.7429530620575
31,9.80717086791992,-0.0000031144009,-1.74262416362762,9.80717086791992,0.09999688714743,-1.74262416362762
32,9.70191192626953,-0.00000219572394,-1.74228513240814,9.70191192626953,0.09999780356884,-1.74228513240814
33,9.59607887268066,-0.00000129112595,-1.74193644523621,9.59607887268066,0.09999871253967,-1.74193644523621
34,9.48970031738281,-0.00000040140367,-1.74157738685608,9.48970031738281,0.09999959915876,-1.74157738685608
35,9.38280487060547,0.00000047264621,-1.74120831489563,9.38280487060547,0.10000047087669,-1.74120831489563
36,9.27542018890381,0.00000133023786,-1.74082863330841,9.27542018890381,0.10000133514404,-1.74082863330841
37,9.16757106781006,0.0000021705855,-1.740438580513,9.16757106781006,0.10000216960907,-1.740438580513
38,9.05928897857666,0.00000299289241,-1.74003779888153,9.05928897857666,0.10000299662352,-1.74003779888153
39,8.95060062408447,0.00000379636185,-1.73962604999542,8.95060062408447,0.10000380128622,-1.73962604999542
40,8.84153175354004,0.00000458020804,-1.73920345306396,8.84153175354004,0.10000458359718,-1.73920345306396
41,8.73211288452148,0.00000534364517,-1.73876976966858,8.73211288452148,0.1000053435564,-1.73876976966858
42,8.62237071990967,0.0000060858747,-1.7383246421814,8.62237071990967,0.10000608861446,-1.7383246421814
43,8.51233291625977,0.00000680610538,-1.737868309021,8.51233291625977,0.1000068038702,-1.737868309021
44,8.40202522277832,0.00000750354775,-1.73740041255951,8.40202522277832,0.10000750422478,-1.73740041255951
45,8.29147911071777,0.00000817741238,-1.73692083358765,8.29147911071777,0.10000818222761,-1.73692083358765
46,8.18071937561035,0.0000088269062,-1.73642945289612,8.18071937561035,0.10000883042812,-1.73642945289612
47,8.06977558135986,0.00000945123611,-1.73592579364777,8.06977558135986,0.10000945627689,-1.73592579364777
48,7.95867443084717,0.00001004961268,-1.73541009426117,7.95867443084717,0.10001005232334,-1.73541009426117
49,7.84744310379028,0.00001062124647,-1.73488223552704,7.84744310379028,0.10001062601805,-1.73488223552704
50,7.73611116409302,0.0000111653444,-1.7343418598175,7.73611116409302,0.10001116991043,-1.7343418598175
51,7.62470483779907,0.00001168111339,-1.73378920555115,7.62470483779907,0.10001168400049,-1.73378920555115
52,7.51325225830078,0.000012167764,-1.73322355747223,7.51325225830078,0.10001216828823,-1.73322355747223
53,7.40178108215332,0.00001262450678,-1.73264503479004,7.40178108215332,0.10001262277365,-1.73264503479004
54,7.29031991958618,0.00001305054866,-1.73205351829529,7.29031991958618,0.10001305490732,-1.73205351829529
55,7.17889451980591,0.00001344509656,-1.73144900798798,7.17889451980591,0.10001344978809,-1.73144900798798
56,7.06753444671631,0.00001380736103,-1.73083114624023,7.06753444671631,0.10001380741596,-1.73083114624023
57,6.95626640319824,0.00001413655264,-1.73019981384277,6.95626640319824,0.10001413524151,-1.73019981384277
58,6.8451189994812,0.0000144318783,-1.7295548915863,6.8451189994812,0.10001443326473,-1.7295548915863
59,6.7341194152832,0.00001469254494,-1.72889637947083,6.7341194152832,0.10001469403505,-1.72889637947083
60,6.62329578399658,0.00001491776311,-1.72822391986847,6.62329578399658,0.10001491755247,-1.72822391986847
61,6.51267433166504,0.00001510674338,-1.72753739356995,6.51267433166504,0.10001511126757,-1.72753739356995
62,6.40228462219238,0.00001525869266,-1.72683691978455,6.40228462219238,0.10001526027918,-1.72683691978455
63,6.29215431213379,0.00001537281787,-1.72612190246582,6.29215431213379,0.10001537203789,-1.72612190246582
64,6.18231010437012,0.00001544832958,-1.72539258003235,6.18231010437012,0.10001544654369,-1.72539258003235
65,6.07277965545654,0.00001548443834,-1.72464859485626,6.07277965545654,0.1000154837966,-1.72464859485626
66,5.96359205245972,0.00001548035107,-1.72388982772827,5.96359205245972,0.1000154837966,-1.72388982772827
67,5.8547739982605,0.00001543527469,-1.72311639785767,5.8547739982605,0.10001543909311,-1.72311639785767
68,5.7463526725769,0.00001534841977,-1.722327709198,5.7463526725769,0.10001534968615,-1.722327709198
69,5.63835716247559,0.00001521899685,-1.72152411937714,5.63835716247559,0.10001522302628,-1.72152411937714
70,5.53081464767456,0.00001504621287,-1.72070503234863,5.53081464767456,0.10001504421234,-1.72070503234863
71,5.42375230789185,0.00001482927473,-1.71987056732178,5.42375230789185,0.1000148281455,-1.71987056732178
72,5.31719827651978,0.00001456739301,-1.71902048587799,5.31719827651978,0.10001456737518,-1.71902048587799
73,5.21118068695068,0.00001425977825,-1.71815466880798,5.21118068695068,0.10001426190138,-1.71815466880798
74,5.10572671890259,0.00001390563739,-1.71727275848389,5.10572671890259,0.10001390427351,-1.71727275848389
75,5.00086498260498,0.00001350417733,-1.71637511253357,5.00086498260498,0.10001350939274,-1.71637511253357
76,4.89662170410156,0.00001305460955,-1.71546125411987,4.89662170410156,0.10001305490732,-1.71546125411987
77,4.79302597045898,0.00001255614188,-1.71453094482422,4.79302597045898,0.10001255571842,-1.71453094482422
78,4.69010448455811,0.00001200798306,-1.7135843038559,4.69010448455811,0.10001201182604,-1.7135843038559
79,4.58788585662842,0.00001140934182,-1.71262097358704,4.58788585662842,0.10001140832901,-1.71262097358704
80,4.48639726638794,0.00001075942691,-1.71164083480835,4.48639726638794,0.1000107601285,-1.71164083480835
81,4.385666847229,0.00001005744707,-1.71064388751984,4.385666847229,0.10001005977392,-1.71064388751984
82,4.18658971786499,0.00000849412754,-1.7085987329483,4.18658971786499,0.100008495152,-1.7085987329483
83,3.990877866745,0.00000671305315,-1.70648419857025,3.990877866745,0.10000671446323,-1.70648419857025
84,3.79875183105469,0.00000470789382,-1.70429909229279,3.79875183105469,0.10000471025705,-1.70429909229279
85,3.61043405532837,0.00000247231947,-1.70204246044159,3.61043405532837,0.10000247508287,-1.70204246044159
86,3.42614650726318,0.0,-1.69971311092377,3.42614650726318,0.10000000149012,-1.69971311092377
87,3.24586462974548,-0.00000255228952,-1.69621777534485,3.24586462974548,0.09999744594097,-1.69621777534485
88,3.06939649581909,-0.00000502355397,-1.69045782089233,3.06939649581909,0.09999497979879,-1.69045782089233
89,2.89671015739441,-0.00000741379336,-1.68242418766022,2.89671015739441,0.09999258816242,-1.68242418766022
90,2.72777318954468,-0.00000972300768,-1.67210721969604,2.72777318954468,0.09999027848244,-1.67210721969604
91,2.56255459785461,-0.00001195119694,-1.65949821472168,2.56255459785461,0.09998805075884,-1.65949821472168
92,2.40102195739746,-0.00001409836113,-1.64458787441254,2.40102195739746,0.09998590499163,-1.64458787441254
93,2.24314379692078,-0.00001616450027,-1.62736642360687,2.24314379692078,0.09998383373022,-1.62736642360687
94,2.08888816833496,-0.00001814961433,-1.60782504081726,2.08888816833496,0.09998185187578,-1.60782504081726
95,1.93822360038757,-0.00002005370334,-1.5859546661377,1.93822360038757,0.09997994452715,-1.5859546661377
96,1.79111850261688,-0.00002187676728,-1.56174552440643,1.79111850261688,0.09997812658548,-1.56174552440643
97,1.64754045009613,-0.00002361880615,-1.53518879413605,1.64754045009613,0.09997638314962,-1.53518879413605
98,1.50745797157288,-0.00002527981997,-1.50627493858337,1.50745797157288,0.09997472167015,-1.50627493858337
99,1.3708393573761,-0.00002685980871,-1.4749950170517,1.3708393573761,0.09997314214706,-1.4749950170517
100,1.23765289783478,-0.0000283587724,-1.44133961200714,1.23765289783478,0.09997164458036,-1.44133961200714
101,1.1078667640686,-0.00002977671102,-1.40529942512512,1.1078667640686,0.09997022151947,-1.40529942512512
102,0.98144906759262,-0.00003111362457,-1.36686515808105,0.98144906759262,0.09996888786554,-1.36686515808105
103,0.85836803913116,-0.00003236951306,-1.32602798938751,0.85836803913116,0.09996762871742,-1.32602798938751
104,0.7385920882225,-0.00003354437649,-1.28277838230133,0.7385920882225,0.09996645897627,-1.28277838230133
105,0.62208926677704,-0.00003463821486,-1.23710691928864,0.62208926677704,0.09996536374092,-1.23710691928864
106,0.50882792472839,-0.00003565102816,-1.18900465965271,0.50882792472839,0.09996435046196,-1.18900465965271
107,0.39877611398697,-0.00003658281639,-1.13846218585968,0.39877611398697,0.09996341913939,-1.13846218585968
108,0.29190227389336,-0.00003743357956,-1.08547019958496,0.29190227389336,0.0999625697732,-1.08547019958496
109,0.18817444145679,-0.00003820331767,-1.03001964092255,0.18817444145679,0.09996179491282,-1.03001964092255
110,0.0875610485673,-0.00003889203072,-0.97210139036179,0.0875610485673,0.0999611094594,-0.97210139036179
111,-0.00996994227171,-0.0000394997187,-0.91170585155487,-0.00996994227171,0.09996049851179,-0.91170585155487
112,-0.10445004701614,-0.00004002638161,-0.84882378578186,-0.10445004701614,0.09995997697115,-0.84882378578186
113,-0.1959111392498,-0.00004047201946,-0.78344631195068,-0.1959111392498,0.09995952993631,-0.78344631195068
114,-0.28438496589661,-0.00004083663225,-0.71556389331818,-0.28438496589661,0.09995916485786,-0.71556389331818
115,-0.36990335583687,-0.00004112021998,-0.64516735076904,-0.36990335583687,0.0999588817358,-0.64516735076904
116,-0.45249804854393,-0.00004132278264,-0.57224750518799,-0.45249804854393,0.09995868057013,-0.57224750518799
117,-0.53220093250275,-0.00004144432023,-0.49679499864578,-0.53220093250275,0.09995855391026,-0.49679499864578
118,-0.6090435385704,-0.00004148483276,-0.4188007414341,-0.6090435385704,0.09995851665735,-0.4188007414341
119,-0.68305784463882,-0.00004144432023,-0.33825543522835,-0.68305784463882,0.09995855391026,-0.33825543522835
120,-0.75427556037903,-0.00004132278264,-0.25514966249466,-0.75427556037903,0.09995868057013,-0.25514966249466
121,-0.82272839546204,-0.00004112021998,-0.16947442293167,-0.82272839546204,0.0999588817358,-0.16947442293167
122,-0.8884482383728,-0.00004083663225,-0.08122032880783,-0.8884482383728,0.09995916485786,-0.08122032880783
123,-0.9514667391777,-0.00004047201946,0.00962179899216,-0.9514667391777,0.09995952993631,0.00962179899216
124,-1.01181578636169,-0.00004002638161,0.10306119918823,-1.01181578636169,0.09995997697115,0.10306119918823
125,-1.06952714920044,-0.0000394997187,0.19910717010498,-1.06952714920044,0.09996049851179,0.19910717010498
126,-1.12463235855103,-0.00003889203072,0.2977688908577,-1.12463235855103,0.0999611094594,0.2977688908577
127,-1.17716360092163,-0.00003820331767,0.39905554056168,-1.17716360092163,0.09996179491282,0.39905554056168
128,-1.2271523475647,-0.00003743357956,0.50297665596008,-1.2271523475647,0.0999625697732,0.50297665596008
129,-1.27463042736053,-0.00003658281639,0.60954117774963,-1.27463042736053,0.09996341913939,0.60954117774963
130,-1.31962966918945,-0.00003565102816,0.71875846385956,-1.31962966918945,0.09996435046196,0.71875846385956
131,-1.36218190193176,-0.00003463821486,0.83063769340515,-1.36218190193176,0.09996536374092,0.83063769340515
132,-1.40231871604919,-0.00003354437649,0.945188164711,-1.40231871604919,0.09996645897627,0.945188164711
133,-1.44007194042206,-0.00003236951306,1.06241917610168,-1.44007194042206,0.09996762871742,1.06241917610168
134,-1.47547340393066,-0.00003111362457,1.1823399066925,-1.47547340393066,0.09996888786554,1.1823399066925
135,-1.50855493545532,-0.00002977671102,1.30495953559875,-1.50855493545532,0.09997022151947,1.30495953559875
136,-1.53934812545776,-0.0000283587724,1.43028748035431,-1.53934812545776,0.09997164458036,1.43028748035431
137,-1.56788504123688,-0.00002685980871,1.55833280086517,-1.56788504123688,0.09997314214706,1.55833280086517
138,-1.59419715404511,-0.00002527981997,1.68910491466522,-1.59419715404511,0.09997472167015,1.68910491466522
139,-1.61831641197205,-0.00002361880615,1.82261276245117,-1.61831641197205,0.09997638314962,1.82261276245117
140,-1.64027440547943,-0.00002187676728,1.95886600017548,-1.64027440547943,0.09997812658548,1.95886600017548
141,-1.66010320186615,-0.00002005370334,2.09787344932556,-1.66010320186615,0.09997994452715,2.09787344932556
142,-1.67783427238464,-0.00001814961433,2.23964500427246,-1.67783427238464,0.09998185187578,2.23964500427246
143,-1.69349956512451,-0.00001616450027,2.38418889045715,-1.69349956512451,0.09998383373022,2.38418889045715
144,-1.70713090896606,-0.00001409836113,2.53151535987854,-1.70713090896606,0.09998590499163,2.53151535987854
145,-1.71875989437103,-0.00001195119694,2.68163299560547,-1.71875989437103,0.09998805075884,2.68163299560547
146,-1.72841846942902,-0.00000972300768,2.8345513343811,-1.72841846942902,0.09999027848244,2.8345513343811
147,-1.73613822460175,-0.00000741379336,2.99027967453003,-1.73613822460175,0.09999258816242,2.99027967453003
148,-1.74195098876953,-0.00000502355397,3.14882707595825,-1.74195098876953,0.09999497979879,3.14882707595825
149,-1.74588859081268,-0.00000255228952,3.31020283699036,-1.74588859081268,0.09999744594097,3.31020283699036
150,-1.74798285961151,0.0,3.47441601753235,-1.74798285961151,0.10000000149012,3.47441601753235
151,-1.74911093711853,0.00000247231947,3.64071488380432,-1.74911093711853,0.10000247508287,3.64071488380432
152,-1.75013113021851,0.00000470789382,3.80825757980347,-1.75013113021851,0.10000471025705,3.80825757980347
153,-1.75104606151581,0.00000671305315,3.97692108154297,-1.75104606151581,0.10000671446323,3.97692108154297
154,-1.75185883045197,0.00000849412754,4.14658164978027,-1.75185883045197,0.100008495152,4.14658164978027
155,-1.75257217884064,0.00001005744707,4.31711578369141,-1.75257217884064,0.10001005977392,4.31711578369141
156,-1.75318908691406,0.00001140934182,4.48840045928955,-1.75318908691406,0.10001140832901,4.48840045928955
157,-1.75371241569519,0.00001255614188,4.6603102684021,-1.75371241569519,0.10001255571842,4.6603102684021
158,-1.75414490699768,0.00001350417733,4.83272361755371,-1.75414490699768,0.10001350939274,4.83272361755371
159,-1.75448977947235,0.00001425977825,5.00551509857178,-1.75448977947235,0.10001426190138,5.00551509857178
160,-1.75474965572357,0.00001482927473,5.1785626411438,-1.75474965572357,0.1000148281455,5.1785626411438
161,-1.75492739677429,0.00001521899685,5.35174179077148,-1.75492739677429,0.10001522302628,5.35174179077148
162,-1.75502610206604,0.00001543527469,5.5249285697937,-1.75502610206604,0.10001543909311,5.5249285697937
163,-1.75504863262177,0.00001548443834,5.69799947738647,-1.75504863262177,0.1000154837966,5.69799947738647
164,-1.75499761104584,0.00001537281787,5.87083196640015,-1.75499761104584,0.10001537203789,5.87083196640015
165,-1.75487613677979,0.00001510674338,6.04330205917358,-1.75487613677979,0.10001511126757,6.04330205917358
166,-1.75468719005585,0.00001469254494,6.2152853012085,-1.75468719005585,0.10001469403505,6.2152853012085
167,-1.75443351268768,0.00001413655264,6.38665819168091,-1.75443351268768,0.10001413524151,6.38665819168091
168,-1.75411796569824,0.00001344509656,6.55729722976685,-1.75411796569824,0.10001344978809,6.55729722976685
169,-1.75374352931976,0.00001262450678,6.72707891464233,-1.75374352931976,0.10001262277365,6.72707891464233
170,-1.7533130645752,0.00001168111339,6.89588069915771,-1.7533130645752,0.10001168400049,6.89588069915771
171,-1.75282943248749,0.00001062124647,7.06357669830322,-1.75282943248749,0.10001062601805,7.06357669830322
172,-1.75229549407959,0.00000945123611,7.23004531860352,-1.75229549407959,0.10000945627689,7.23004531860352
173,-1.75171434879303,0.00000817741238,7.39516258239746,-1.75171434879303,0.10000818222761,7.39516258239746
174,-1.75108861923218,0.00000680610538,7.55880355834961,-1.75108861923218,0.1000068038702,7.55880355834961
175,-1.75042116641998,0.00000534364517,7.72084617614746,-1.75042116641998,0.1000053435564,7.72084617614746
176,-1.74971520900726,0.00000379636185,7.88116502761841,-1.74971520900726,0.10000380128622,7.88116502761841
177,-1.74897336959839,0.0000021705855,8.03963851928711,-1.74897336959839,0.10000216960907,8.03963851928711
178,-1.74819850921631,0.00000047264621,8.19614219665527,-1.74819850921631,0.10000047087669,8.19614219665527
179,-1.74739372730255,-0.00000129112595,8.35055160522461,-1.74739372730255,0.09999871253967,8.35055160522461
180,-1.74656176567078,-0.0000031144009,8.50274467468262,-1.74656176567078,0.09999688714743,8.50274467468262
181,-1.74570560455322,-0.00000499084854,8.65259647369385,-1.74570560455322,0.09999500960112,8.65259647369385
182,-1.74482786655426,-0.00000691413879,8.79998397827148,-1.74482786655426,0.09999308735132,8.79998397827148
183,-1.74393177032471,-0.00000887794158,8.94478225708008,-1.74393177032471,0.09999112039804,8.94478225708008
184,-1.74302005767822,-0.00001087592682,9.08687019348145,-1.74302005767822,0.09998912364244,9.08687019348145
185,-1.74209558963776,-0.00001290176442,9.22612380981445,-1.74209558963776,0.09998709708452,9.22612380981445
186,-1.74116158485413,-0.00001494912431,9.36241626739502,-1.74116158485413,0.09998505562544,9.36241626739502
187,-1.74022018909454,-0.00001701167639,9.49562644958496,-1.74022018909454,0.09998299181461,9.49562644958496
188,-1.73927509784698,-0.00001908309059,9.62563133239746,-1.73927509784698,0.09998092055321,9.62563133239746
189,-1.73832869529724,-0.00002115703683,9.75230693817139,-1.73832869529724,0.09997884184122,9.75230693817139
190,-1.73738408088684,-0.00002322718501,9.87552833557129,-1.73738408088684,0.0999767780304,9.87552833557129
191,-1.73644411563873,-0.00002528720506,9.99517250061035,-1.73644411563873,0.09997471421957,9.99517250061035
192,-1.73551154136658,-0.0000273307669,10.1111164093018,-1.73551154136658,0.09997267276049,10.1111164093018
193,-1.7345894575119,-0.00002935154043,10.2232360839844,-1.7345894575119,0.09997065365314,10.2232360839844
194,-1.73368060588837,-0.00003134319559,10.3314075469971,-1.73368060588837,0.09996865689754,10.3314075469971
195,-1.7327880859375,-0.00003329940228,10.435507774353,-1.7327880859375,0.09996670484543,10.435507774353
196,-1.73191440105438,-0.00003521383042,10.5354118347168,-1.73191440105438,0.09996479004622,10.5354118347168
197,-1.7302360534668,-0.00003889203072,10.7221412658691,-1.7302360534668,0.0999611094594,10.7221412658691
198,-1.7286684513092,-0.00004232715582,10.890606880188,-1.7286684513092,0.09995767474174,10.890606880188
199,-1.72723507881165,-0.00004546856508,11.0398178100586,-1.72723507881165,0.09995453059673,11.0398178100586
200,-1.72595870494843,-0.00004826561781,11.1687879562378,-1.72595870494843,0.09995173662901,11.1687879562378
201,-1.7248626947403,-0.00005066767335,11.2765264511108,-1.7248626947403,0.09994933009148,11.2765264511108
202,-1.7227429151535,-0.00005531311035,11.4753875732422,-1.7227429151535,0.09994468837976,11.4753875732422
